arm,seed,split,failure_counts,episodes,success_rate,feasible_success_rate,failure_distance_mean_m,successful_time_s,successful_path_m,successful_energy_proxy_j,successful_handovers,successful_outage_s,successful_dropped_bits,successful_delay_proxy_mean_s,successful_interference_mean_w,successful_sinr_mean_db,successful_sinr_p05_db,successful_radio_cost_sum,successful_radio_cost_mean,successful_resource_changes,successful_final_buffer_bits
original,2101,test,"{'connectivity': 6, 'buffer': 1, 'timeout': 0, 'energy': 0, 'boundary': 0}",200,0.965,0.965,251.22304316929407,31.580310880829014,556.9581875183421,7797.425435911188,7.098445595854923,0.0,0.0,1.607845141071491,7.547782859969266e-07,-8.326070547103882,-15.002905010559399,7.00069325359515,0.2183242342476299,14.844559585492227,62402.27744494819
original,2102,test,"{'connectivity': 4, 'buffer': 0, 'timeout': 0, 'energy': 0, 'boundary': 0}",200,0.98,0.98,192.67702865600586,31.709183673469386,558.2377330235073,7785.278499681122,4.744897959183674,0.0,0.0,2.644378053535741,7.610959360229611e-07,-8.919666996415781,-15.628116451964086,7.3838597544246225,0.22694508469310967,12.244897959183673,171820.88632015305
original,2103,test,"{'connectivity': 10, 'buffer': 0, 'timeout': 0, 'energy': 0, 'boundary': 0}",200,0.95,0.95,302.791068649292,32.1578947368421,554.415840389854,7744.266159539474,9.48421052631579,0.0,0.0,1.2687006671159842,7.460005184532294e-07,-7.855937835417296,-15.166690861551386,7.591185015466908,0.23026587443812702,14.98421052631579,30494.717475328947
original,2104,test,"{'connectivity': 12, 'buffer': 0, 'timeout': 0, 'energy': 0, 'boundary': 0}",200,0.94,0.94,257.2320327758789,31.159574468085108,552.6573304521277,7716.606508944897,9.686170212765957,0.0,0.0,1.135077355594903,7.433461555443496e-07,-7.634847237074629,-15.317094579656073,7.080670777918451,0.22035750285427017,17.377659574468087,15499.767702792553
original,2105,test,"{'connectivity': 8, 'buffer': 2, 'timeout': 0, 'energy': 0, 'boundary': 0}",200,0.95,0.95,343.1312328338623,31.268421052631577,553.438568436472,7727.631205026727,3.721052631578947,0.0,0.0,3.1507253974405414,7.569782697500039e-07,-8.881492413972554,-16.412693071365357,6.864533043353769,0.2152243056298968,8.742105263157894,228182.48725328947
full,2101,test,"{'connectivity': 5, 'buffer': 1, 'timeout': 0, 'energy': 0, 'boundary': 0}",200,0.97,0.97,322.96933873494464,28.329896907216494,558.3347904165995,7885.973412582554,0.4690721649484536,0.0,0.0,5.9279556026636415,7.416893733306255e-07,-9.275156501642208,-18.424912600173165,5.301553605602445,0.18037251951021815,6.221649484536083,321066.832876933
full,2102,test,"{'connectivity': 8, 'buffer': 2, 'timeout': 0, 'energy': 0, 'boundary': 0}",200,0.95,0.95,253.03820776939392,28.157894736842106,551.6656241165964,7789.611928196957,0.4,0.0,0.0,5.8059660308758625,7.456882831428329e-07,-9.304038195861013,-18.342288526735807,5.226990823173076,0.1801577036486551,5.447368421052632,338719.3934621711
full,2103,test,"{'connectivity': 7, 'buffer': 2, 'timeout': 0, 'energy': 0, 'boundary': 0}",200,0.955,0.955,316.27982149066196,28.020942408376964,552.3610727999223,7809.779037395697,0.3769633507853403,0.0,0.0,5.937672776801801,7.433824844410643e-07,-9.300723625727349,-18.560576593688644,5.303755248501372,0.1838004609850869,11.434554973821989,333538.80464659684
full,2104,test,"{'connectivity': 7, 'buffer': 2, 'timeout': 0, 'energy': 0, 'boundary': 0}",200,0.955,0.955,260.8921851846907,28.42408376963351,557.2496802045413,7869.43408586592,0.5968586387434555,0.0,0.0,5.719705808818576,7.415836379602918e-07,-9.24732678785374,-18.38341638180598,5.355264911725943,0.1820504325797893,3.06282722513089,321060.72083606024
full,2105,test,"{'connectivity': 7, 'buffer': 2, 'timeout': 0, 'energy': 0, 'boundary': 0}",200,0.955,0.955,293.27058568265704,28.408376963350786,555.2940875947163,7850.5574075589,0.418848167539267,0.0,0.0,5.93565730098324,7.49707957354897e-07,-9.3759964395568,-18.219515314901063,5.4359949364350655,0.18514808364086846,6.0837696335078535,327485.0172202225
arrival,2101,test,"{'connectivity': 9, 'buffer': 0, 'timeout': 0, 'energy': 0, 'boundary': 0}",200,0.955,0.955,285.73127534654407,28.54973821989529,558.2355052688359,7882.385581131381,8.921465968586388,0.0,0.0,1.413642835147514,7.452462836533685e-07,-8.087590679448313,-15.37091840624185,7.118360443234139,0.24081421866501637,15.528795811518325,26148.504294829843
arrival,2102,test,"{'connectivity': 7, 'buffer': 0, 'timeout': 0, 'energy': 0, 'boundary': 0}",200,0.965,0.965,226.7175235748291,28.642487046632123,555.9765546729527,7832.208663070758,10.409326424870466,0.0,0.0,1.466020299021587,7.459414710651297e-07,-7.974965631035325,-15.556179980539905,7.511527398462189,0.2577540654517351,18.60621761658031,22393.736965673575
arrival,2103,test,"{'connectivity': 12, 'buffer': 0, 'timeout': 0, 'energy': 0, 'boundary': 0}",200,0.94,0.94,296.88636980578303,28.090425531914892,552.6071283056381,7810.31708153258,8.867021276595745,0.0,0.0,1.4928870033842985,7.445282937663543e-07,-8.020421020528103,-15.69867701733366,6.916676018498269,0.23940642577027346,16.98936170212766,37368.17129321808
arrival,2104,test,"{'connectivity': 13, 'buffer': 0, 'timeout': 0, 'energy': 0, 'boundary': 0}",200,0.935,0.935,281.8703486736004,28.352941176470587,553.8101188129282,7818.849844376671,9.903743315508022,0.0,0.0,1.2600613574357604,7.409451724434485e-07,-7.831506038094587,-15.61854804390892,7.074825990274234,0.24368478241472788,17.887700534759357,22317.737048796793
arrival,2105,test,"{'connectivity': 10, 'buffer': 0, 'timeout': 0, 'energy': 0, 'boundary': 0}",200,0.95,0.95,317.40585922002793,28.610526315789475,555.3760700426603,7837.091079872533,7.368421052631579,0.0,0.0,1.7210388477231133,7.480697315024809e-07,-8.210935807228088,-15.664444845601132,6.60906624668535,0.22644232565317657,14.136842105263158,37614.893996710525
straight_rss,,test,"{'connectivity': 12, 'buffer': 0, 'timeout': 0, 'energy': 0, 'boundary': 0}",200,0.94,0.94,280.95432365934056,28.03191489361702,551.349067444497,7791.718508456615,9.367021276595745,0.0,0.0,1.3030017638154647,7.262118910535674e-07,-7.617073886572046,-15.96337021919007,6.500913748490178,0.22817098523784007,9.398936170212766,14223.893284574468
straight_radio,,test,"{'connectivity': 7, 'buffer': 0, 'timeout': 0, 'energy': 0, 'boundary': 0}",200,0.965,0.965,242.1830280848912,28.139896373056995,553.7612469925164,7826.404673838245,1.0880829015544042,0.0,0.0,1.5501580904004517,5.797379063342218e-07,-7.2837213390540585,-14.62559356343561,3.5533020756095395,0.12358290379447813,11.782383419689118,92516.84233322539
joint_mpc,,test,"{'connectivity': 8, 'buffer': 0, 'timeout': 0, 'energy': 0, 'boundary': 0}",200,0.96,0.96,352.8521662950516,30.072916666666668,574.336695988973,8107.404815673828,0.9739583333333334,0.0,0.0,1.101045391787946,5.785435095801572e-07,-7.086915862979367,-13.370830076436201,3.0342041092147887,0.09734308547898929,12.348958333333334,87925.37955729167
joint_lookahead,,test,"{'connectivity': 4, 'buffer': 0, 'timeout': 12, 'energy': 0, 'boundary': 0}",200,0.92,0.92,49.96157801244408,34.625,602.7308231022047,8623.107516081436,1.059782608695652,0.0,0.0,0.36465168903576545,5.683022754784571e-07,-6.264381016240172,-10.838677880556688,2.0946248375846737,0.05801185692101034,14.108695652173912,46881.88998811141
original,2101,longer_test,"{'connectivity': 28, 'buffer': 1, 'timeout': 0, 'energy': 0, 'boundary': 0}",200,0.855,0.855,739.2054409651921,65.35087719298245,1350.9769504837125,18635.41034470943,16.42105263157895,0.0,0.0,2.0017618736878813,7.81313407283857e-07,-8.701243054797077,-16.15041298336453,16.195927293712092,0.24733839922852055,34.0233918128655,43675.444353070176
original,2102,longer_test,"{'connectivity': 20, 'buffer': 2, 'timeout': 0, 'energy': 0, 'boundary': 0}",200,0.89,0.89,744.3589986454357,65.82584269662921,1352.1487498765582,18578.181349850773,11.067415730337078,0.0,0.0,3.5605885530407138,7.883802025852891e-07,-9.113173476765665,-16.731015489342507,16.986505923222133,0.25699382936397547,26.573033707865168,198946.31487008426
original,2103,longer_test,"{'connectivity': 29, 'buffer': 1, 'timeout': 0, 'energy': 0, 'boundary': 0}",200,0.85,0.85,806.2663810253143,66.2,1343.158956370634,18440.685133272058,21.74705882352941,0.0,0.0,1.7830964014379822,7.870397056535657e-07,-8.381535518870635,-16.446140171499813,17.729391028056067,0.26617961687278224,33.65294117647059,43194.10808823529
original,2104,longer_test,"{'connectivity': 29, 'buffer': 0, 'timeout': 0, 'energy': 0, 'boundary': 0}",200,0.855,0.855,823.0532018069563,64.78362573099415,1340.1948138677585,18462.231816520467,22.198830409356724,0.0,0.0,1.6258635583171033,7.710546724637814e-07,-8.0338677272462,-16.73005667903967,16.559101586685273,0.2534950865070297,37.84795321637427,20234.575246710527
original,2105,longer_test,"{'connectivity': 30, 'buffer': 2, 'timeout': 0, 'energy': 0, 'boundary': 0}",200,0.84,0.84,748.2953026592731,64.86309523809524,1342.4919088454474,18488.273303803944,7.261904761904762,0.0,0.0,5.173464566415933,8.015018915290026e-07,-9.535024992057256,-18.179966341881524,16.21759493425116,0.24891851490359837,16.625,235259.99172247024
full,2101,longer_test,"{'connectivity': 23, 'buffer': 4, 'timeout': 0, 'energy': 0, 'boundary': 0}",200,0.865,0.865,745.3148008275915,60.23699421965318,1353.3604849225524,19014.616431087426,1.4682080924855492,0.0,0.0,6.249105061971916,7.810965909139061e-07,-9.87052617596753,-19.23520217189899,13.661281627483563,0.22643899457327177,14.15606936416185,366771.3460982659
full,2102,longer_test,"{'connectivity': 22, 'buffer': 3, 'timeout': 0, 'energy': 0, 'boundary': 0}",200,0.875,0.875,762.9966226196289,60.52571428571429,1357.9983663504465,19073.20775111607,1.5485714285714285,0.0,0.0,6.735629005082405,7.785447832458176e-07,-9.97778052330017,-19.432804483686176,14.02429837149427,0.23083250981668496,10.537142857142857,358615.81441964285
full,2103,longer_test,"{'connectivity': 25, 'buffer': 4, 'timeout': 0, 'energy': 0, 'boundary': 0}",200,0.855,0.855,725.5465148399616,60.345029239766085,1360.1812115942525,19121.029885096857,1.4736842105263157,0.0,0.0,6.777062271587602,7.757815562710899e-07,-9.899603750273497,-19.568317502562763,13.530989999209192,0.2230686512846836,24.906432748538013,324037.97820723685
full,2104,longer_test,"{'connectivity': 24, 'buffer': 1, 'timeout': 0, 'energy': 0, 'boundary': 0}",200,0.875,0.875,804.4873851776123,60.52571428571429,1357.1735131835937,19053.519012276785,1.6342857142857143,0.0,0.0,6.8576536398468955,7.816712993027387e-07,-9.878329857417516,-19.586346789768765,13.682642437459643,0.2256636481583241,6.085714285714285,330718.2194642857
full,2105,longer_test,"{'connectivity': 18, 'buffer': 3, 'timeout': 0, 'energy': 0, 'boundary': 0}",200,0.895,0.895,734.424438839867,60.927374301675975,1365.6495542046744,19172.705509121857,1.5027932960893855,0.0,0.0,7.056276465126036,7.926709561446064e-07,-9.906482832391834,-19.558313257867397,13.769814912710803,0.22510360967108906,14.262569832402235,347397.9059881285
arrival,2101,longer_test,"{'connectivity': 32, 'buffer': 0, 'timeout': 1, 'energy': 0, 'boundary': 0}",200,0.835,0.835,724.164179686344,60.52095808383233,1351.2403922623503,18960.576937921032,20.089820359281436,0.0,0.0,1.9114199793872064,7.888873897735312e-07,-8.52079181328505,-16.82747432000623,16.489670838387486,0.27130990316787146,33.365269461077844,32219.505613772457
arrival,2102,longer_test,"{'connectivity': 30, 'buffer': 0, 'timeout': 1, 'energy': 0, 'boundary': 0}",200,0.845,0.845,794.7133936728201,60.80473372781065,1349.3848551913832,18877.324906388683,23.633136094674555,0.0,0.0,1.8059101878438015,7.780165537011742e-07,-8.21932917656983,-16.935951334484937,17.112651871677166,0.2807509632098786,40.98224852071006,24714.163553994083
arrival,2103,longer_test,"{'connectivity': 27, 'buffer': 0, 'timeout': 0, 'energy': 0, 'boundary': 0}",200,0.865,0.865,763.1242944046303,60.29479768786127,1356.2231381807712,19056.087670475074,20.028901734104046,0.0,0.0,1.8060795935444083,7.665661653689902e-07,-8.281090579280963,-16.60486840374897,15.761924496128467,0.26029612422915704,37.69364161849711,27837.75298049133
arrival,2104,longer_test,"{'connectivity': 35, 'buffer': 0, 'timeout': 0, 'energy': 0, 'boundary': 0}",200,0.825,0.825,760.9025246620179,60.4,1350.5693917939157,18948.323668323865,22.696969696969695,0.0,0.0,1.7039305413018844,7.828622651770845e-07,-8.144623137965347,-16.841836085464013,16.568856774183775,0.2730174557677264,39.11515151515152,24020.903409090908
arrival,2105,longer_test,"{'connectivity': 23, 'buffer': 0, 'timeout': 0, 'energy': 0, 'boundary': 0}",200,0.885,0.885,668.376158113065,60.943502824858754,1358.3882042836335,19035.260444253177,16.36723163841808,0.0,0.0,1.92751593236105,7.777583682536907e-07,-8.527233861933993,-16.747815105201163,14.92417162160071,0.24385038191785197,29.531073446327685,34664.73344809322
straight_rss,,longer_test,"{'connectivity': 31, 'buffer': 0, 'timeout': 0, 'energy': 0, 'boundary': 0}",200,0.845,0.845,737.3170281840909,60.06508875739645,1351.6491316394693,18997.698756471895,21.28994082840237,0.0,0.0,1.507424854484816,7.641905786613996e-07,-7.882192419830864,-16.8827258059259,15.056835870786932,0.2498655060692547,21.449704142011836,9380.969397189348
straight_radio,,longer_test,"{'connectivity': 21, 'buffer': 2, 'timeout': 0, 'energy': 0, 'boundary': 0}",200,0.885,0.885,808.8490965470024,60.33898305084746,1358.542978405279,19094.265950520832,2.6610169491525424,0.0,0.0,1.6991126427241672,6.004202593539257e-07,-7.946466634502519,-15.662934192829887,9.048537858299884,0.14935352993121107,26.09039548022599,156000.87213100283
joint_mpc,,longer_test,"{'connectivity': 18, 'buffer': 0, 'timeout': 1, 'energy': 0, 'boundary': 0}",200,0.905,0.905,832.0744509445993,62.04419889502763,1369.991247693478,19219.63618460808,2.3480662983425415,0.0,0.0,1.064910731290419,5.966117521684856e-07,-7.43233285687905,-13.873984018083435,6.873409647963884,0.1105116431076404,26.712707182320443,125076.86174896409
joint_lookahead,,longer_test,"{'connectivity': 11, 'buffer': 0, 'timeout': 8, 'energy': 0, 'boundary': 0}",200,0.905,0.905,552.089152135347,70.13812154696133,1420.076556632532,20172.475148912294,2.3370165745856353,0.0,0.0,0.4158932552729486,5.910178104957045e-07,-6.6483280922167864,-11.653535239604297,4.890562605756899,0.07122894680747571,28.099447513812155,89629.66656595304
