lane,scenario_id,success,recorded_feasible_success,outcome,time_s,final_distance_m,final_speed_mps,path_m,straight_distance_m,energy_proxy_j,handovers,outage_s,dropped_bits,delay_proxy_mean_s,interference_mean_w,sinr_mean_db,sinr_p05_db,rss_mean_dbm,raw_return
0,42003_0000,True,True,success,68.0,0.20915372669696808,0.16142165660858154,1552.813232421875,1552.6043701171875,21804.185546875,5,0.0,0.0,2.2719006520449456,9.304588589282716e-07,-9.193473815917969,-18.524877548217773,-39.632354736328125,36.070263627916574
1,42003_0001,True,False,success,75.0,0.7168160676956177,0.0,1715.267822265625,1714.55029296875,24124.416015625,10,5.0,498090.83868408203,58746.308691039485,7.54350285963786e-07,-19.032352447509766,-150.0,-46.93333435058594,37.14913716353476
2,42003_0002,True,True,success,59.0,0.5314728021621704,5.331201577973843e-07,1324.188720703125,1323.6571044921875,18615.994140625,7,0.0,0.0,2.599976115749549,9.088709387053652e-07,-9.43218994140625,-18.0562801361084,-39.966102600097656,32.57985409907997
3,42003_0003,True,True,success,67.0,0.8008810877799988,0.0,1517.883056640625,1517.082763671875,21351.046875,8,0.0,0.0,1.6809383578904307,9.889962772980816e-07,-8.495821952819824,-19.65916633605957,-38.86567306518555,35.79453104361892
4,42003_0004,True,True,success,65.0,0.7474536895751953,2.384185791015625e-07,1465.8538818359375,1465.106689453125,20630.236328125,7,0.0,0.0,2.3929634331510616,8.578564968677081e-07,-9.078301429748535,-21.17530632019043,-39.876922607421875,34.90375407785177
5,42003_0005,True,False,success,50.0,0.7845176458358765,2.6656007889869215e-07,1094.9454345703125,1094.1612548828125,15422.8896484375,2,3.0,0.0,24000.194764621257,4.581470085440742e-07,-13.994118690490723,-89.94593811035156,-44.380001068115234,30.71916840225458
6,42003_0006,True,True,success,67.0,0.17463906109333038,1.1368440389633179,1533.53076171875,1533.7052001953125,21514.50390625,10,1.0,0.0,15391.787901159028,7.065338801577304e-07,-10.596117973327637,-21.22658920288086,-41.761192321777344,35.63149497658014
7,42003_0007,True,True,success,56.0,0.6269314885139465,0.0,1239.05615234375,1238.429443359375,17462.640625,3,0.0,0.0,1.3970366166904569,6.566729032288419e-07,-8.344395637512207,-17.726354598999023,-40.42856979370117,32.080637864768505
8,42003_0008,True,True,success,47.0,0.0714607760310173,0.6272609829902649,1030.5062255859375,1030.4351806640625,14481.96875,4,0.0,0.0,7.294383191047831,1.0498711779465784e-06,-11.007137298583984,-21.060667037963867,-40.8510627746582,28.710983466356993
9,42003_0009,True,True,success,57.0,0.23393478989601135,1.2355848550796509,1284.1307373046875,1284.364990234375,18021.0546875,6,0.0,0.0,11.66461042132588,1.1293342068759222e-06,-10.563407897949219,-19.477102279663086,-40.175437927246094,31.951750684529543
10,42003_0010,True,True,success,48.0,0.015693513676524162,0.832976758480072,1056.7181396484375,1056.734130859375,14844.8369140625,4,1.0,0.0,4166.805240458499,2.1251037433482148e-07,-8.883170127868652,-10.051248550415039,-44.6875,30.423287101089954
11,42003_0011,True,True,success,47.0,0.3468499481678009,1.4085140228271484,1035.1815185546875,1035.5284423828125,14532.734375,2,0.0,0.0,1.4452470748665485,6.129576705495523e-07,-7.251802921295166,-16.519756317138672,-39.82978820800781,30.05697461590171
12,42003_0012,True,True,success,71.0,0.802801251411438,2.384185791015625e-07,1618.462646484375,1617.6595458984375,22757.126953125,4,0.0,0.0,1.171290796250105,6.531396698225673e-07,-7.438112735748291,-17.26772689819336,-39.46479034423828,37.571985337883234
13,42003_0013,True,True,success,62.0,0.6496914029121399,2.6656007889869215e-07,1397.717041015625,1397.067138671875,19650.732421875,6,0.0,0.0,0.9543303385857613,7.148695678713393e-07,-8.016554832458496,-17.777124404907227,-39.67741775512695,34.501119792461395
14,42003_0014,True,True,success,56.0,0.34189870953559875,6.743495646333031e-07,1251.029541015625,1250.687744140625,17585.6171875,8,2.0,0.0,10738.956102339684,7.031564227385648e-07,-14.893486976623535,-26.65131378173828,-44.94643020629883,31.692824706435204
15,42003_0015,True,True,success,55.0,0.6025589108467102,1.1920928955078125e-07,1223.3565673828125,1222.7537841796875,17207.240234375,2,0.0,0.0,0.1279488671909679,8.463090807708796e-07,-4.481048583984375,-12.501765251159668,-35.254547119140625,32.63660913705826
16,42003_0016,True,True,success,60.0,0.1677645891904831,0.33451616764068604,1353.80419921875,1353.636474609375,19014.287109375,5,0.0,0.0,2.9967164385287712,5.612354158301968e-07,-7.6855387687683105,-21.279991149902344,-40.516666412353516,33.91083801165223
17,42003_0017,True,True,success,59.0,0.3155885934829712,1.1920928955078125e-07,1326.2564697265625,1325.9404296875,18638.056640625,5,0.0,0.0,2.1547037059977905,5.297294984433455e-07,-8.578045845031738,-17.835952758789062,-41.559322357177734,33.654872830957174
18,42003_0018,True,True,success,49.0,0.34250059723854065,1.4020088911056519,1085.1434326171875,1085.48583984375,15232.291015625,4,0.0,0.0,2.0988368781245486,8.019474579186306e-07,-8.793533325195312,-19.17194366455078,-39.93877410888672,30.25947891548276
19,42003_0019,True,True,success,56.0,0.0074042086489498615,0.8145774602890015,1256.6094970703125,1256.6171875,17643.66796875,6,1.0,0.0,3657.4162642734923,4.565065704501389e-07,-9.126470565795898,-13.373857498168945,-41.71428680419922,32.6002958342433
20,42003_0020,True,True,success,68.0,0.24961815774440765,1.2608036994934082,1559.28515625,1559.535400390625,21872.748046875,7,0.0,0.0,3.4510154699468436,1.1026333339714256e-06,-10.25778865814209,-19.895055770874023,-39.95588302612305,35.5782234556973
21,42003_0021,True,True,success,67.0,0.5929718017578125,0.0,1513.703369140625,1513.109130859375,21309.3046875,2,0.0,0.0,2.985161805553223,9.198295547728559e-07,-9.597310066223145,-19.207735061645508,-40.044776916503906,35.563249971717596
22,42003_0022,True,True,success,67.0,0.07138525694608688,0.947354257106781,1532.3992919921875,1532.470703125,21502.150390625,5,3.0,0.0,29084.986706550593,3.647412897217732e-07,-13.01836109161377,-18.058868408203125,-45.08955383300781,36.061525117605925
23,42003_0023,True,True,success,74.0,0.4498138427734375,1.9778116941452026,1712.21923828125,1712.6693115234375,24004.705078125,6,0.0,0.0,4.53105034768531,7.731441932313878e-07,-9.82479476928711,-20.78684425354004,-41.08108139038086,38.16581564024091
24,42003_0024,True,True,success,46.0,0.2931649386882782,1.328558325767517,1009.695556640625,1009.9885864257812,14177.302734375,2,0.0,0.0,1.1069216247162093,7.317403849998775e-07,-8.546660423278809,-17.028980255126953,-40.239131927490234,29.34358310326934
25,42003_0025,True,True,success,59.0,0.08035660535097122,0.6041789054870605,1330.369873046875,1330.289794921875,18680.55078125,4,0.0,0.0,2.688469847506386,4.290433262752431e-07,-7.898133277893066,-19.08915138244629,-41.813560485839844,33.63561036810279
26,42003_0026,True,True,success,54.0,0.7988468408584595,4.7706993200336e-07,1194.114990234375,1193.3162841796875,16814.076171875,2,0.0,0.0,0.36503158843455213,8.678293389257979e-07,-7.239903926849365,-14.34543514251709,-38.01852035522461,32.02494111098349
27,42003_0027,True,True,success,63.0,0.4430829584598541,1.8786906003952026,1436.921875,1437.3653564453125,20151.552734375,7,0.0,0.0,0.6545507302655588,9.391458387119836e-07,-7.951857089996338,-15.52820110321045,-38.39682388305664,35.174770560115576
28,42003_0028,True,True,success,71.0,0.5826464295387268,4.76837158203125e-07,1623.599609375,1623.0177001953125,22809.8125,10,0.0,0.0,6.739074227570648,9.094992676605023e-07,-10.024677276611328,-21.635272979736328,-40.56338119506836,36.53056840598583
29,42003_0029,True,True,success,55.0,0.8023297786712646,5.960464477539063e-08,1218.117919921875,1217.315185546875,17153.513671875,6,0.0,0.0,1.1380564558235082,7.83760091590838e-07,-8.524286270141602,-18.540117263793945,-39.818180084228516,31.749693427234888
30,42003_0030,True,True,success,50.0,0.6383435726165771,5.960464477539063e-08,1089.184326171875,1088.54541015625,15363.876953125,4,0.0,0.0,2.6762717987596987,1.0387598626948603e-06,-10.09658432006836,-20.138906478881836,-40.040000915527344,29.79175293073058
31,42003_0031,False,False,connectivity,45.0,305.25469970703125,25.0,1062.5030517578125,1367.7579345703125,15050.0,3,5.0,2576.125,98007.51330957095,8.590690040616917e-07,-24.00486183166504,-150.0,-48.79999923706055,-5.611094653606415
32,42003_0032,True,True,success,71.0,0.6376655697822571,4.76837158203125e-07,1622.8887939453125,1622.2510986328125,22802.455078125,6,0.0,0.0,2.3151034742108427,9.583530822004525e-07,-8.58088207244873,-19.660276412963867,-39.08450698852539,36.921434603631496
33,42003_0033,True,True,success,72.0,0.7524516582489014,2.384185791015625e-07,1645.886962890625,1645.1351318359375,23132.185546875,6,0.0,0.0,3.039825248014596,1.124372098438976e-06,-10.255940437316895,-19.48087501525879,-39.875,36.99160584434867
34,42003_0034,True,True,success,73.0,0.4732436537742615,5.331201577973843e-07,1674.8026123046875,1674.32861328125,23522.474609375,8,0.0,0.0,8.415353259964757,6.891766101850645e-07,-9.501739501953125,-20.44637680053711,-41.328765869140625,37.11226453632116
35,42003_0035,True,True,success,71.0,0.17993180453777313,1.1460577249526978,1633.5906982421875,1633.770751953125,22915.109375,5,0.0,0.0,18.452519820084873,5.201769591593174e-07,-8.50682258605957,-20.780887603759766,-41.61971664428711,37.80945059284568
36,42003_0036,True,True,success,60.0,0.15215951204299927,1.0977611541748047,1358.30029296875,1358.4522705078125,19061.927734375,4,0.0,0.0,2.795120408510168,5.166197685942583e-07,-7.412055015563965,-18.650531768798828,-41.03333282470703,33.672863464802504
37,42003_0037,True,False,success,62.0,0.7982162833213806,2.6656007889869215e-07,1394.1624755859375,1393.3646240234375,19614.638671875,9,0.0,15761.484375,8.123945275561944,8.617795062506164e-07,-10.001884460449219,-20.44467544555664,-40.83871078491211,33.32244635745883
38,42003_0038,True,True,success,52.0,0.6226377487182617,0.0,1139.0052490234375,1138.3829345703125,16062.1875,3,0.0,0.0,0.7320973344433767,9.317264121259191e-07,-8.001604080200195,-16.086544036865234,-38.44230651855469,31.349279664456844
39,42003_0039,False,False,connectivity,15.0,1421.45849609375,24.999998092651367,312.4991149902344,1733.9576416015625,4550.0,0,5.0,0.0,200000.0,9.046423883773968e-07,-53.84019470214844,-150.0,-66.93333435058594,-1.5953871458768845
40,42003_0040,True,True,success,72.0,0.10924392938613892,1.0198274850845337,1657.832763671875,1657.941162109375,23256.837890625,7,3.0,0.0,16671.287208067304,9.043231246310926e-07,-15.157073974609375,-26.769756317138672,-43.47222137451172,37.20594957470894
41,42003_0041,True,True,success,48.0,0.06351097673177719,0.9319480061531067,1057.3077392578125,1057.3709716796875,14851.15625,5,0.0,0.0,4.735922324781616,8.370975657830589e-07,-10.327197074890137,-21.739309310913086,-41.29166793823242,29.438459740951657
42,42003_0042,True,True,success,55.0,0.44574302434921265,1.9217133522033691,1237.0511474609375,1237.4962158203125,17352.89453125,4,2.0,0.0,20214.262704719196,5.133577758442698e-07,-13.565492630004883,-25.57125473022461,-45.05454635620117,31.90402815118432
43,42003_0043,True,True,success,54.0,0.7262362837791443,2.384185791015625e-07,1196.451904296875,1195.726318359375,16837.841796875,4,0.0,0.0,1.7941628622615502,9.09231214631358e-07,-9.232648849487305,-16.935426712036133,-39.72222137451172,31.608323618769646
44,42003_0044,True,True,success,71.0,0.42344120144844055,2.384185791015625e-07,1625.2908935546875,1624.8675537109375,22827.666015625,5,0.0,0.0,4.206921061146742,8.749262844862066e-07,-10.317657470703125,-20.98693084716797,-41.0704231262207,37.06202008575201
45,42003_0045,True,True,success,64.0,0.1984160840511322,0.21170832216739655,1453.100341796875,1452.90185546875,20407.09375,6,0.0,0.0,0.6056644433992915,7.451910239986148e-07,-7.002463340759277,-13.509954452514648,-38.53125,35.37698260881007
46,42003_0046,True,True,success,76.0,0.08458556979894638,0.5931726098060608,1755.3072509765625,1755.222900390625,24629.873046875,9,0.0,0.0,4.234225197646179,1.104323529650748e-06,-10.596134185791016,-19.94245719909668,-40.30263137817383,38.053240206092596
47,42003_0047,True,True,success,54.0,0.592166543006897,5.960464477539063e-08,1188.6937255859375,1188.101806640625,16759.220703125,6,0.0,0.0,7.736426888792603,9.616634410273643e-07,-10.869318962097168,-21.481441497802734,-41.185184478759766,30.632345497608185
48,42003_0048,True,True,success,50.0,0.7924904227256775,0.0,1092.252197265625,1091.4599609375,15394.4794921875,4,0.0,0.0,1.1312339314818383,7.078893912648709e-07,-7.098380088806152,-18.9019775390625,-38.65999984741211,30.681611333042383
49,42003_0049,True,True,success,78.0,0.7274270057678223,2.4575624024691933e-07,1796.4261474609375,1795.69873046875,25237.58203125,9,3.0,0.0,26637.95269060326,4.6365066707902514e-07,-14.853503227233887,-27.9969425201416,-46.35897445678711,38.74359369650483
50,42003_0050,True,True,success,76.0,0.7912068963050842,0.0,1744.6351318359375,1743.843017578125,24519.615234375,3,0.0,0.0,1.2486318616490615,5.24520652034928e-07,-6.2630391120910645,-15.749590873718262,-39.77631759643555,39.282865008339286
51,42003_0051,True,True,success,55.0,0.7651435732841492,0.0,1216.2786865234375,1215.5130615234375,17134.5078125,5,0.0,0.0,2.307244444435293,7.976657364203923e-07,-8.088924407958984,-19.194665908813477,-39.272727966308594,31.720319375395775
52,42003_0052,True,True,success,66.0,0.71122807264328,1.1920928955078125e-07,1490.180419921875,1489.4698486328125,20973.52734375,6,0.0,0.0,10.08226385136897,7.04232258878316e-07,-9.023252487182617,-20.186248779296875,-40.92424392700195,35.343057695776224
53,42003_0053,True,True,success,60.0,0.06457138806581497,0.6450968980789185,1355.6107177734375,1355.545654296875,19033.0625,4,0.0,0.0,0.19339228967825572,3.539936012468085e-07,-4.690309047698975,-12.003149032592773,-39.46666717529297,34.46127213910222
54,42003_0054,True,True,success,48.0,0.20490603148937225,0.18210285902023315,1052.929931640625,1052.724853515625,14805.376953125,1,0.0,0.0,1.6466149340073268,3.966237155002735e-07,-5.8201584815979,-18.57196044921875,-40.3125,30.308290418237448
55,42003_0055,True,True,success,74.0,0.6275285482406616,2.4575624024691933e-07,1689.06298828125,1688.4361572265625,23762.712890625,6,0.0,0.0,4.864543114235071,7.404802221959176e-07,-9.962762832641602,-20.885751724243164,-41.68918991088867,37.563948560506105
56,42003_0056,True,True,success,63.0,0.43884921073913574,1.7531397342681885,1436.5628662109375,1437.00146484375,20147.76953125,4,0.0,0.0,0.06302866848215224,5.33408562808016e-07,-6.308094024658203,-11.052874565124512,-39.44444274902344,35.58884700760245
57,42003_0057,True,True,success,77.0,0.6805406808853149,3.3717478231665154e-07,1764.7197265625,1764.0401611328125,24819.0,4,0.0,0.0,0.7080890661129704,6.893357174426278e-07,-6.21157169342041,-17.34600067138672,-38.14285659790039,40.034370217472315
58,42003_0058,True,True,success,71.0,0.6901252865791321,0.0,1614.8533935546875,1614.1639404296875,22720.32421875,4,0.0,0.0,0.6860840106514138,3.4686244907308567e-07,-6.353395938873291,-16.265087127685547,-41.18309783935547,37.7491060346365
59,42003_0059,True,True,success,50.0,0.002085938351228833,0.8032885193824768,1106.5406494140625,1106.5433349609375,15542.9580078125,5,0.0,0.0,3.2303547087311744,4.3751906105171655e-07,-8.372945785522461,-17.89577865600586,-42.220001220703125,30.489106439054012
60,42003_0060,True,False,success,77.0,0.1560916155576706,0.37604010105133057,1779.04443359375,1778.888671875,24966.75,8,2.0,1048083.5703125,17259.575508804,1.0808034031387335e-06,-14.85690975189209,-24.190290451049805,-43.25973892211914,37.91077320277691
61,42003_0061,True,True,success,77.0,0.5345492362976074,2.384185791015625e-07,1774.1534423828125,1773.6195068359375,24915.625,10,0.0,0.0,1.8068755084479398,9.837559267517854e-07,-9.569060325622559,-17.204030990600586,-39.74026107788086,38.84697995707393
62,42003_0062,True,True,success,60.0,0.1002873033285141,0.5500398278236389,1355.05224609375,1354.951904296875,19027.23046875,6,0.0,0.0,1.293684860462478,1.1028750852422794e-06,-8.884785652160645,-18.438844680786133,-38.63333511352539,33.81716808117926
63,42003_0063,True,True,success,48.0,0.06957419216632843,0.6323339343070984,1055.5340576171875,1055.4642333984375,14832.2802734375,2,0.0,0.0,1.2132279062643647,6.919724941193787e-07,-8.47998332977295,-18.794517517089844,-40.375,30.195246536284685
64,42003_0064,True,True,success,56.0,0.8029538989067078,0.0,1243.4239501953125,1242.62109375,17506.7421875,5,0.0,0.0,2.539051939388238,9.146670966028328e-07,-9.800153732299805,-18.842010498046875,-40.26785659790039,31.893999475985765
65,42003_0065,True,False,success,70.0,0.7522479295730591,5.960464477539063e-08,1590.9598388671875,1590.2073974609375,22381.29296875,5,7.0,0.0,54938.547219732216,3.049224505145633e-07,-20.745893478393555,-150.0,-50.25714111328125,36.75165370479226
66,42003_0066,True,True,success,51.0,0.42872512340545654,3.3717478231665154e-07,1125.2398681640625,1124.810791015625,15827.123046875,5,0.0,0.0,0.8981944950041818,7.176642609510072e-07,-7.550599575042725,-18.728086471557617,-39.27450942993164,30.934532642364502
67,42003_0067,True,True,success,66.0,0.14877942204475403,0.4009192883968353,1504.1925048828125,1504.0439453125,21118.232421875,2,0.0,0.0,0.19141587200151247,8.441047155525722e-07,-6.0117268562316895,-12.00117301940918,-36.878787994384766,36.4626297801733
68,42003_0068,True,True,success,51.0,0.16818127036094666,1.1257421970367432,1133.4659423828125,1133.634033203125,15913.7705078125,3,2.0,0.0,11769.237773127415,6.219569620631827e-07,-14.549039840698242,-24.513641357421875,-44.70588302612305,30.12769326940179
69,42003_0069,True,True,success,63.0,0.16722390055656433,0.3365142345428467,1428.8145751953125,1428.6475830078125,20064.404296875,6,1.0,0.0,4657.320721901436,7.964139407639388e-07,-9.982428550720215,-21.891761779785156,-40.349205017089844,34.62421905621886
70,42003_0070,True,True,success,76.0,0.36819976568222046,6.743495646333031e-07,1750.79833984375,1750.4312744140625,24583.11328125,9,0.0,0.0,3.3478935237263183,6.962333983258424e-07,-8.082995414733887,-18.927860260009766,-39.921051025390625,39.10149323567748
71,42003_0071,True,True,success,73.0,0.44574758410453796,1.922481894493103,1687.0509033203125,1687.4954833984375,23652.91796875,7,1.0,0.0,2740.8010333839243,5.819893864124785e-07,-9.83253288269043,-15.656100273132324,-41.657535552978516,38.461209032684565
72,42003_0072,True,True,success,48.0,0.43930694460868835,1.7802428007125854,1061.6387939453125,1062.0784912109375,14898.568359375,4,0.0,0.0,1.3299684361554682,7.626319640981668e-07,-7.580933094024658,-19.204296112060547,-38.91666793823242,30.172083470970392
73,42003_0073,True,True,success,51.0,0.7912514209747314,5.331201577973843e-07,1119.6302490234375,1118.8387451171875,15769.591796875,8,0.0,0.0,10.522232925190645,8.134403765994006e-07,-11.87958812713623,-23.380184173583984,-42.94117736816406,29.76821907237172
74,42003_0074,True,False,success,58.0,0.1079929918050766,1.0178699493408203,1307.8211669921875,1307.9296875,18356.708984375,2,3.0,0.0,36393.657068968336,3.172604547197305e-07,-13.059832572937012,-43.009178161621094,-45.67241287231445,33.332955215126276
75,42003_0075,True,True,success,76.0,0.30288416147232056,1.3432601690292358,1759.7869873046875,1760.0887451171875,24678.298828125,6,2.0,0.0,12855.729816569701,8.864938892902262e-07,-13.823336601257324,-27.835405349731445,-43.1184196472168,38.811930667608976
76,42003_0076,True,True,success,59.0,0.7615979909896851,7.450580596923828e-09,1316.1929931640625,1315.4312744140625,18533.607421875,6,0.0,0.0,2.742802279985557,3.4010684919972475e-07,-8.191264152526855,-17.643939971923828,-43.1016960144043,33.12364570423961
77,42003_0077,True,True,success,65.0,0.6571803689002991,1.1920928955078125e-07,1464.4122314453125,1463.7552490234375,20616.072265625,5,0.0,0.0,4.794655724084721,3.9221187430135056e-07,-8.174504280090332,-18.041709899902344,-42.43077087402344,34.9650028757751
78,42003_0078,True,True,success,77.0,0.14812316000461578,0.40310946106910706,1779.195068359375,1779.047119140625,24968.36328125,6,3.0,0.0,19651.782155591074,6.292504508564889e-07,-13.764705657958984,-23.15781021118164,-43.88311767578125,39.118609849363565
79,42003_0079,True,True,success,62.0,0.15819597244262695,0.36871233582496643,1403.99609375,1403.837890625,19716.310546875,7,0.0,0.0,4.944861794671705,7.430326787111734e-07,-9.197126388549805,-23.16254997253418,-40.66128921508789,34.12521845847368
80,42003_0080,True,True,success,71.0,0.5863273739814758,0.0,1613.6365966796875,1613.05029296875,22708.68359375,7,0.0,0.0,3.964522010832041,8.709163387586262e-07,-10.051044464111328,-22.915613174438477,-40.83098602294922,36.8369006998837
81,42003_0081,True,True,success,60.0,0.2175784707069397,0.12023162841796875,1352.5780029296875,1352.360107421875,19001.818359375,6,0.0,0.0,1.293657622532919,7.659960715500347e-07,-7.388535499572754,-14.593130111694336,-38.766666412353516,33.66879511624575
82,42003_0082,True,True,success,52.0,0.7785097360610962,4.915124804938387e-07,1145.1580810546875,1144.379638671875,16124.984375,2,0.0,0.0,0.7172826113752447,7.472192150496189e-07,-6.4376220703125,-15.35946273803711,-38.17307662963867,31.286089353263378
83,42003_0083,True,True,success,57.0,0.24654169380664825,1.256016731262207,1284.2552490234375,1284.501708984375,18022.421875,8,0.0,0.0,4.403044910023087,1.0651319576824965e-06,-10.609297752380371,-20.349777221679688,-40.438594818115234,31.94347283616662
84,42003_0084,True,True,success,50.0,0.7952350378036499,0.0,1092.4188232421875,1091.6231689453125,15396.171875,2,0.0,0.0,0.18821471720933913,9.084021394301089e-07,-5.998028755187988,-13.61375904083252,-36.47999954223633,30.86284028366208
85,42003_0085,True,True,success,56.0,0.637196958065033,2.384185791015625e-07,1239.1741943359375,1238.537109375,17463.759765625,6,0.0,0.0,3.5684829017679607,9.650620112568374e-07,-9.824042320251465,-22.07048988342285,-40.08928680419922,31.955727387219667
86,42003_0086,True,True,success,54.0,0.0615142323076725,0.9274411201477051,1207.280029296875,1207.34130859375,16950.86328125,6,0.0,0.0,0.984382565167767,7.636277046087882e-07,-6.872243404388428,-16.490034103393555,-38.314815521240234,31.940983284264803
87,42003_0087,True,True,success,71.0,0.654208242893219,4.76837158203125e-07,1622.657470703125,1622.002685546875,22800.05859375,10,2.0,0.0,16229.169265799801,6.04591417881315e-07,-12.526436805725098,-24.94989585876465,-43.46479034423828,36.71872856095433
88,42003_0088,True,True,success,55.0,0.752623438835144,0.0,1220.8841552734375,1220.1319580078125,17182.1484375,5,0.0,0.0,1.2211178017610853,6.814323083662285e-07,-8.429096221923828,-17.45601463317871,-40.345455169677734,32.00639527849853
89,42003_0089,True,True,success,67.0,0.6507355570793152,0.0,1514.333984375,1513.6829833984375,21315.283203125,9,0.0,0.0,3.437933425655338,5.311357816182537e-07,-8.898883819580078,-20.151622772216797,-41.776119232177734,35.50879602134228
90,42003_0090,True,True,success,76.0,0.7987088561058044,0.0,1744.1275634765625,1743.32861328125,24514.20703125,7,0.0,0.0,5.177432523942308,8.643433455284522e-07,-10.586224555969238,-21.32761001586914,-41.342105865478516,37.98241265490651
91,42003_0091,True,True,success,64.0,0.7590703964233398,7.539457556049456e-07,1445.71923828125,1444.9599609375,20330.525390625,7,0.0,0.0,2.471348818973638,8.368123767255042e-07,-8.80400276184082,-16.609432220458984,-39.734375,34.378292275592685
92,42003_0092,True,False,success,48.0,0.0843336284160614,0.9726691246032715,1057.54833984375,1057.6328125,14853.779296875,4,4.0,0.0,46402.05195125844,7.086388216966574e-07,-19.4984188079834,-150.0,-46.625,29.510096982121468
93,42003_0093,True,True,success,65.0,0.7738710045814514,2.384185791015625e-07,1470.2987060546875,1469.525146484375,20676.423828125,6,0.0,0.0,0.9144375862983557,5.476859502533233e-07,-7.461221694946289,-18.24930191040039,-40.5076904296875,35.4590653963387
94,42003_0094,True,True,success,61.0,0.12596827745437622,0.47341176867485046,1379.607177734375,1379.482177734375,19372.580078125,5,1.0,0.0,9831.322600397723,5.95545406563584e-07,-10.996451377868652,-24.263652801513672,-42.557376861572266,33.85393916070461
95,42003_0095,True,True,success,55.0,0.8011059165000916,0.0,1217.90625,1217.105712890625,17151.31640625,5,0.0,0.0,5.425318073565987,7.276767260836178e-07,-7.954555034637451,-19.910892486572266,-39.45454406738281,32.09134845435619
96,42003_0096,True,True,success,64.0,0.7991968989372253,2.384185791015625e-07,1444.08349609375,1443.283935546875,20313.70703125,5,0.0,0.0,0.42926013718533795,4.935063495636882e-07,-7.169033050537109,-14.229528427124023,-40.421875,35.381551476195455
97,42003_0097,True,True,success,62.0,0.4565999507904053,4.76837158203125e-07,1399.971923828125,1399.5155029296875,19674.2421875,3,0.0,0.0,1.0054822001726396,2.8109010666030956e-07,-5.233356952667236,-14.866708755493164,-41.17741775512695,34.913308165967464
98,42003_0098,True,True,success,73.0,0.7507601976394653,3.3717478231665154e-07,1670.9200439453125,1670.1700439453125,23482.560546875,7,0.0,0.0,2.951945222499589,5.701987774970915e-07,-9.51242733001709,-20.330352783203125,-42.39725875854492,37.901250736787915
99,42003_0099,True,True,success,67.0,0.14259903132915497,0.4207156002521515,1529.3004150390625,1529.1575927734375,21469.4140625,6,3.0,0.0,17911.84277680697,4.1786209204582885e-07,-12.231749534606934,-24.073020935058594,-43.92537307739258,36.18225332349539
100,42003_0100,True,True,success,70.0,0.7945222854614258,2.4575624024691933e-07,1594.4395751953125,1593.64453125,22417.52734375,5,0.0,0.0,3.313707875433777,8.023054915286463e-07,-9.337462425231934,-18.74943733215332,-40.514286041259766,36.813442409038544
101,42003_0101,True,True,success,76.0,0.6385987997055054,1.2839233249906101e-06,1747.875732421875,1747.238037109375,24552.326171875,7,1.0,0.0,6760.924375804813,7.23137689144431e-07,-11.116063117980957,-19.041065216064453,-42.0,38.39788090437651
102,42003_0102,True,True,success,73.0,0.2659395635128021,1.286544919013977,1684.43701171875,1684.7034912109375,23624.470703125,7,2.0,0.0,20240.680621734107,9.402934877358996e-07,-13.391069412231445,-23.110944747924805,-42.356163024902344,37.50729053840041
103,42003_0103,True,True,success,68.0,0.7279309630393982,0.0,1546.423583984375,1545.6951904296875,21737.50390625,3,0.0,0.0,0.2833439717343187,7.101682676173315e-07,-5.304842472076416,-10.343565940856934,-36.985294342041016,37.1531987413764
104,42003_0104,True,True,success,53.0,0.42454320192337036,1.5181853771209717,1185.853515625,1186.2784423828125,16640.265625,5,0.0,0.0,8.644379273338139,1.1768761053318948e-06,-10.900052070617676,-22.395809173583984,-40.28302001953125,30.50729278475046
105,42003_0105,True,False,success,54.0,0.6153565049171448,0.0,1188.9295654296875,1188.31396484375,16761.45703125,6,4.0,0.0,37044.05583188732,8.476220366909965e-07,-20.00145149230957,-150.0,-46.94444274902344,30.940076433122158
106,42003_0106,True,True,success,53.0,0.0927252396941185,0.5708857774734497,1180.1744384765625,1180.0816650390625,16578.501953125,6,0.0,0.0,2.93696685486807,7.827423511365473e-07,-8.546469688415527,-19.748092651367188,-39.77358627319336,31.36447189003229
107,42003_0107,True,True,success,69.0,0.7392356991767883,1.1920928955078125e-07,1571.1881103515625,1570.4486083984375,22085.177734375,12,0.0,0.0,3.2419701454911274,1.024177140442444e-06,-9.651585578918457,-19.439218521118164,-39.66666793823242,35.8632292971015
108,42003_0108,True,True,success,56.0,0.5148065090179443,1.1920928955078125e-07,1249.3726806640625,1248.857666015625,17567.888671875,4,0.0,0.0,0.37137160104300293,4.957071634440322e-07,-6.047000408172607,-14.81077766418457,-39.33928680419922,32.70580568909645
109,42003_0109,True,True,success,55.0,0.2582407295703888,1.27446448802948,1234.3665771484375,1234.6248779296875,17323.66015625,7,0.0,0.0,3.504598620737141,9.591760038512638e-07,-8.950091361999512,-19.464359283447266,-39.345455169677734,32.009974762797356
110,42003_0110,True,False,success,64.0,0.6507219076156616,0.0,1439.324951171875,1438.6746826171875,20265.26953125,6,3.0,169701.75,55933.820399017255,7.167750823988683e-07,-14.5669527053833,-25.577802658081055,-43.640625,34.480521872639656
111,42003_0111,True,True,success,77.0,0.07433440536260605,0.9532845616340637,1782.434814453125,1782.509033203125,25002.525390625,6,0.0,0.0,5.537209350422218,8.937793279971641e-07,-10.571401596069336,-21.28911781311035,-41.1298713684082,38.46023987978697
112,42003_0112,True,True,success,47.0,0.4629158675670624,4.915124804938387e-07,1024.9080810546875,1024.4449462890625,14423.5791015625,5,0.0,0.0,4.997994781095297,5.007722994291048e-07,-8.32652473449707,-21.68765640258789,-41.87234115600586,29.440553322434425
113,42003_0113,True,True,success,56.0,0.16347403824329376,0.35007336735725403,1253.8924560546875,1253.728759765625,17615.20703125,5,1.0,0.0,15072.000251989013,1.0800081885317274e-06,-13.224275588989258,-17.92708969116211,-42.05356979370117,31.21541679278016
114,42003_0114,True,True,success,49.0,0.7224676012992859,2.384185791015625e-07,1071.526611328125,1070.8038330078125,15088.5966796875,2,0.0,0.0,1.9439573865763995,8.930675731994133e-07,-9.02725887298584,-17.56240463256836,-39.61224365234375,30.02453829906881
115,42003_0115,False,False,connectivity,20.0,1050.093994140625,24.999998092651367,437.49908447265625,1487.593017578125,6300.0,0,5.0,0.0,150000.0,8.292194678460874e-07,-39.86294174194336,-150.0,-57.54999923706055,-4.0601470321416855
116,42003_0116,True,False,success,71.0,0.1978141814470291,0.21446476876735687,1628.11376953125,1627.9151611328125,22857.255859375,10,0.0,606371.580078125,12.575649696546542,1.1668423995538881e-06,-11.320167541503906,-22.370708465576172,-40.81690216064453,35.684722770005465
117,42003_0117,True,True,success,52.0,0.7855717539787292,2.384185791015625e-07,1141.9410400390625,1141.1558837890625,16091.2607421875,5,0.0,0.0,27.827788858459545,8.594831972284458e-07,-11.586833953857422,-23.64109992980957,-42.38461685180664,30.16571842506528
118,42003_0118,True,True,success,67.0,0.3127233684062958,5.331201577973843e-07,1526.281005859375,1525.9683837890625,21438.32421875,8,0.0,0.0,7.24615101938817,1.1716752934642418e-06,-10.133343696594238,-19.801170349121094,-39.597015380859375,34.974580731242895
119,42003_0119,True,True,success,54.0,0.6302434802055359,5.331201577973843e-07,1197.984130859375,1197.3541259765625,16853.48046875,3,0.0,0.0,9.229231949404088,7.187371588096775e-07,-6.615994930267334,-18.677051544189453,-38.203704833984375,32.213792368769646
120,42003_0120,True,False,success,59.0,0.4465075433254242,1.9343565702438354,1337.0892333984375,1337.5352783203125,18753.3046875,5,4.0,0.0,33899.398069822564,7.918388585579324e-07,-17.67311668395996,-150.0,-45.35593032836914,33.28410375490785
121,42003_0121,True,True,success,56.0,0.767744779586792,4.915124804938387e-07,1245.491455078125,1244.7236328125,17528.244140625,3,0.0,0.0,1.6699572217517666,5.910717127172964e-07,-6.665934085845947,-14.966157913208008,-39.26785659790039,32.628034487366676
122,42003_0122,True,True,success,73.0,0.012246031314134598,0.7708631157875061,1681.3519287109375,1681.3387451171875,23590.91015625,7,0.0,0.0,3.8186488256037032,8.329096429668127e-07,-10.036967277526855,-21.625986099243164,-40.9315071105957,37.559726253151894
123,42003_0123,True,True,success,74.0,0.7680743336677551,7.99680208274367e-07,1691.3565673828125,1690.588623046875,23785.298828125,10,0.0,0.0,5.608442197176251,9.214963823352092e-07,-10.389089584350586,-20.964805603027344,-40.878379821777344,37.292445819824934
124,42003_0124,True,True,success,65.0,0.7207122445106506,0.0,1465.3328857421875,1464.61279296875,20625.08984375,3,3.0,0.0,30995.90606146283,7.858445201236464e-07,-14.88898754119873,-26.66448974609375,-43.58461380004883,35.095147646963596
125,42003_0125,True,False,success,48.0,0.14439637959003448,1.084343671798706,1058.218994140625,1058.363525390625,14861.0498046875,4,4.0,0.0,29166.913373961735,4.401127871034305e-07,-17.676273345947266,-150.0,-47.08333206176758,29.923676759004593
126,42003_0126,True,True,success,64.0,0.30214396119117737,1.342426061630249,1459.78271484375,1460.084716796875,20478.244140625,4,3.0,0.0,18754.911915135337,7.238588946023583e-07,-15.055139541625977,-26.460657119750977,-44.078125,34.6355077624321
127,42003_0127,True,True,success,76.0,0.8006629943847656,0.0,1743.922607421875,1743.1226806640625,24512.060546875,10,0.0,0.0,4.616696308464988,9.115420588638077e-07,-9.913427352905273,-18.315837860107422,-40.421051025390625,37.850535944104195
128,42003_0128,True,True,success,64.0,0.024189641699194908,0.851178765296936,1456.8271484375,1456.8514404296875,20445.9921875,6,2.0,0.0,13996.163596628467,6.310540521248242e-07,-13.660306930541992,-22.833919525146484,-44.3125,34.655288737267256
129,42003_0129,True,True,success,70.0,0.7802412509918213,2.6656007889869215e-07,1595.09814453125,1594.317626953125,22424.39453125,4,0.0,0.0,3.466120055637189,8.87256755634423e-07,-9.383797645568848,-22.73332977294922,-40.08571243286133,36.718561831861734
130,42003_0130,True,True,success,58.0,0.4485897123813629,1.962599754333496,1312.17578125,1312.6236572265625,18404.21484375,6,0.0,0.0,7.8906776058519705,8.296097129114687e-07,-9.436841011047363,-20.82271957397461,-40.431034088134766,32.76730262488127
131,42003_0131,True,True,success,54.0,0.0844949260354042,0.5929232239723206,1205.3040771484375,1205.2191162109375,16929.853515625,7,0.0,0.0,2.2806164050319544,8.872469492273551e-07,-9.364670753479004,-19.81281089782715,-40.203704833984375,31.309171203523874
132,42003_0132,True,True,success,67.0,0.06266340613365173,0.649921715259552,1530.6400146484375,1530.577392578125,21483.3671875,7,0.0,0.0,2.3033322803120115,1.0805426050702312e-06,-10.297974586486816,-19.695560455322266,-40.05970001220703,35.180894202552736
133,42003_0133,True,True,success,67.0,0.4066316783428192,4.915124804938387e-07,1525.44873046875,1525.041748046875,21429.357421875,5,0.0,0.0,1.2865933546824242,4.928047106309961e-07,-7.273304462432861,-17.29763412475586,-40.597015380859375,36.124780640006065
134,42003_0134,False,False,connectivity,55.0,77.530517578125,21.756126403808594,1310.258056640625,1387.78857421875,18477.0546875,2,5.0,0.0,54548.133137829514,7.431052216072037e-07,-21.895225524902344,-150.0,-48.327274322509766,-5.737069319933653
135,42003_0135,True,True,success,69.0,0.4095456004142761,1.497483491897583,1585.7294921875,1586.1383056640625,22238.8359375,5,0.0,0.0,1.120502421065517,4.006363024908079e-07,-6.562578201293945,-16.445247650146484,-40.739131927490234,37.37566499784589
136,42003_0136,False,False,connectivity,55.0,152.32704162597656,25.0,1312.5006103515625,1464.827880859375,18550.0,3,5.0,0.0,54549.785762724634,8.449434600069335e-07,-22.938770294189453,-150.0,-48.890907287597656,-4.967451296746731
137,42003_0137,True,True,success,52.0,0.4389781355857849,5.331201577973843e-07,1150.141357421875,1149.7022705078125,16176.0830078125,3,0.0,0.0,10.34061812924651,9.894855522291507e-07,-11.645126342773438,-25.021671295166016,-41.769229888916016,30.227893706411123
138,42003_0138,True,True,success,46.0,0.11402804404497147,1.0290429592132568,1007.8897094726562,1008.00341796875,14157.4384765625,3,0.0,0.0,1.7242492677077004,6.676859397736695e-07,-8.219531059265137,-15.545052528381348,-40.130435943603516,29.289177127182484
139,42003_0139,True,True,success,65.0,0.4360816478729248,1.5340352058410645,1485.950439453125,1486.38720703125,20841.365234375,8,0.0,0.0,3.8995717915204855,8.855682647908207e-07,-10.300707817077637,-18.656396865844727,-41.015384674072266,34.656036142259836
140,42003_0140,True,True,success,56.0,0.8016940355300903,0.0,1243.7799072265625,1242.978515625,17510.501953125,5,0.0,0.0,2.016578256784539,8.812092221635989e-07,-9.4277982711792,-19.330665588378906,-40.19643020629883,31.8160633277148
141,42003_0141,True,True,success,50.0,0.7363716959953308,2.384185791015625e-07,1096.2451171875,1095.508544921875,15435.7705078125,4,0.0,0.0,2.3275522461161016,7.90908387671152e-07,-9.855860710144043,-20.10974884033203,-40.97999954223633,30.17031081020832
142,42003_0142,True,True,success,49.0,0.0254127886146307,0.8536790013313293,1081.843505859375,1081.869140625,15196.146484375,5,0.0,0.0,1.7893601879857632,4.334788201856786e-07,-8.977710723876953,-18.636625289916992,-42.836734771728516,30.142600180581212
143,42003_0143,True,True,success,63.0,0.16187039017677307,1.1148816347122192,1433.3983154296875,1433.560546875,20113.0546875,5,0.0,0.0,1.3781203038635708,6.934777280956417e-07,-7.511104583740234,-18.363195419311523,-39.77777862548828,34.80091716349125
144,42003_0144,True,True,success,56.0,0.43903395533561707,1.6562942266464233,1261.30029296875,1261.7392578125,17695.0234375,8,0.0,0.0,6.765069456970585,1.0500511941862506e-06,-10.833247184753418,-21.166269302368164,-40.69643020629883,31.47035950422287
145,42003_0145,True,True,success,54.0,0.6380695104598999,2.384185791015625e-07,1197.882568359375,1197.24462890625,16852.39453125,4,0.0,0.0,3.6432147858043513,8.683768442097062e-07,-9.580949783325195,-18.829120635986328,-40.44444274902344,31.273651458323002
146,42003_0146,True,True,success,50.0,0.7989329099655151,3.725290298461914e-09,1094.1021728515625,1093.3033447265625,15413.9560546875,3,0.0,0.0,5.825285961106419,9.950294872851373e-07,-10.43741226196289,-21.082487106323242,-40.540000915527344,29.835163723677397
147,42003_0147,True,True,success,58.0,0.7327943444252014,2.4027400513659813e-07,1296.320068359375,1295.58740234375,18236.5234375,4,0.0,0.0,8.841825118545314,1.1496980456395876e-06,-11.643970489501953,-22.09942054748535,-41.120689392089844,31.984241101890802
148,42003_0148,True,True,success,67.0,0.3686695694923401,2.384185791015625e-07,1525.796630859375,1525.4271240234375,21433.072265625,8,0.0,0.0,2.2999082343347035,9.038369312157326e-07,-7.802476406097412,-17.34377098083496,-38.6119384765625,35.625666096806526
149,42003_0149,True,True,success,51.0,0.15590247511863708,1.1041975021362305,1133.3436279296875,1133.499755859375,15912.3515625,5,2.0,0.0,11765.222905926552,4.586321365735e-07,-12.497092247009277,-17.691150665283203,-43.94117736816406,31.04577175155282
150,42003_0150,True,True,success,59.0,0.5791835784912109,0.0,1323.64208984375,1323.0628662109375,18610.251953125,5,0.0,0.0,7.960825969354581,8.502033991181495e-07,-8.254805564880371,-17.98919105529785,-39.06779479980469,33.29147908836603
151,42003_0151,True,True,success,52.0,0.0718238577246666,0.948192298412323,1157.408447265625,1157.4798583984375,16252.2001953125,2,0.0,0.0,0.4748573483755955,4.783929453603482e-07,-4.858046531677246,-14.705636024475098,-39.019229888916016,31.681675355881453
152,42003_0152,True,True,success,61.0,0.43864020705223083,1.727215051651001,1386.4925537109375,1386.930908203125,19447.0234375,7,0.0,0.0,0.49164534421240697,4.925616634711302e-07,-7.0730180740356445,-14.01674747467041,-40.36065673828125,34.4937633164227
153,42003_0153,True,True,success,52.0,0.8028820753097534,2.6656007889869215e-07,1143.3409423828125,1142.5382080078125,16105.845703125,4,0.0,0.0,6.76338917382348,1.0547659817697981e-06,-10.836918830871582,-20.901012420654297,-40.69230651855469,30.354549452662468
154,42003_0154,True,True,success,74.0,0.1856512427330017,0.265461802482605,1703.4061279296875,1703.220947265625,23910.22265625,5,0.0,0.0,14.640421994634577,8.40041806398133e-07,-9.623612403869629,-23.341283798217773,-40.5405387878418,37.94204448070377
155,42003_0155,True,True,success,69.0,0.03923454508185387,0.7075785994529724,1580.97802734375,1580.939697265625,22186.951171875,11,0.0,0.0,3.189032960403036,5.858852018158411e-07,-8.404523849487305,-16.692249298095703,-40.92753601074219,36.61009454727173
156,42003_0156,True,True,success,53.0,0.11050060391426086,0.5196563005447388,1179.8768310546875,1179.76611328125,16575.37890625,3,0.0,0.0,1.5280589948074434,5.633448557451835e-07,-5.9405999183654785,-18.44731330871582,-39.1698112487793,31.882272269576788
157,42003_0157,True,True,success,65.0,0.8001722097396851,2.6656007889869215e-07,1467.804931640625,1467.005126953125,20650.236328125,7,0.0,0.0,8.366048909910024,6.161763197864135e-07,-8.74179744720459,-21.64681053161621,-41.092308044433594,34.90312393382192
158,42003_0158,True,True,success,47.0,0.013524074107408524,0.7681652307510376,1031.3369140625,1031.3228759765625,14490.7421875,4,0.0,0.0,1.5792072041237608,9.430047292822719e-07,-9.270942687988281,-19.949256896972656,-39.61701965332031,29.491080187261105
159,42003_0159,True,True,success,59.0,0.4398021399974823,1.6227242946624756,1336.2125244140625,1336.651611328125,18744.1015625,6,0.0,0.0,4.1547165063478175,4.0104898782713354e-07,-7.856535911560059,-20.086416244506836,-42.440677642822266,33.30592679232359
160,42003_0160,True,True,success,72.0,0.4406697750091553,1.592924952507019,1661.1361083984375,1661.5767822265625,23293.306640625,6,0.0,0.0,0.4895436724440919,6.856801607489792e-07,-5.352175235748291,-16.140012741088867,-37.52777862548828,38.392024863511324
161,42003_0161,True,True,success,65.0,0.30504459142684937,4.805480102731963e-07,1476.347900390625,1476.042724609375,20739.0390625,5,0.0,0.0,1.2920969128608704,5.780856191414876e-07,-7.045146465301514,-14.94025707244873,-39.58461380004883,35.647100534290075
162,42003_0162,True,True,success,65.0,0.7763718962669373,0.0,1470.23095703125,1469.4547119140625,20675.67578125,6,1.0,0.0,3077.8438338719307,9.716700822956717e-07,-10.529404640197754,-19.674617767333984,-40.03076934814453,35.168807588517666
163,42003_0163,True,True,success,47.0,0.7901090979576111,2.4575624024691933e-07,1017.1455688476562,1016.3551025390625,14343.3251953125,5,0.0,0.0,1.5105400496023766,7.227773649185807e-07,-9.029629707336426,-17.222936630249023,-40.59574508666992,29.137153182178736
164,42003_0164,True,True,success,56.0,0.7999588847160339,2.384185791015625e-07,1244.0040283203125,1243.2041015625,17512.865234375,4,0.0,0.0,2.45273779971259,8.877832234434533e-07,-8.621546745300293,-16.997602462768555,-39.33928680419922,32.293593753129244
165,42003_0165,True,True,success,66.0,0.16081956028938293,0.3601733446121216,1503.9505615234375,1503.7889404296875,21115.806640625,7,0.0,0.0,3.199206125104066,9.834826667801364e-07,-8.110429763793945,-17.70914077758789,-38.378787994384766,35.08845553919673
166,42003_0166,True,True,success,54.0,0.7196973562240601,5.331201577973843e-07,1196.5758056640625,1195.8560791015625,16839.099609375,7,0.0,0.0,3.165233232943272,8.116517407146333e-07,-9.191536903381348,-21.99209976196289,-40.185184478759766,31.49524539336562
167,42003_0167,True,True,success,48.0,0.6394467353820801,4.76837158203125e-07,1047.8604736328125,1047.2210693359375,14752.19140625,6,0.0,0.0,4.6130028873837245,8.957564521239192e-07,-8.46136474609375,-17.783817291259766,-39.1875,29.658113468438387
168,42003_0168,True,True,success,78.0,0.573337733745575,2.384185791015625e-07,1798.70947265625,1798.13671875,25260.974609375,9,0.0,0.0,3.4321264751637592,9.676794730076392e-07,-10.09607982635498,-21.457843780517578,-40.410255432128906,39.444943787530065
169,42003_0169,True,True,success,69.0,0.21745310723781586,0.1205274686217308,1577.5711669921875,1577.35400390625,22151.841796875,8,2.0,0.0,11072.909221389695,5.102021836766679e-07,-10.688019752502441,-17.611026763916016,-42.434783935546875,36.97139026224613
170,42003_0170,True,False,success,55.0,0.4438817799091339,1.8952056169509888,1236.977294921875,1237.4207763671875,17352.072265625,5,3.0,0.0,24477.55201496143,6.227516325648966e-07,-15.40782356262207,-65.72686767578125,-45.16363525390625,31.762716583907604
171,42003_0171,True,True,success,48.0,0.11546619236469269,0.5057108998298645,1054.798583984375,1054.6827392578125,14824.5380859375,4,0.0,0.0,2.7731377748423256,7.301673985438129e-07,-7.779271602630615,-17.900840759277344,-39.29166793823242,30.202296402305365
172,42003_0172,True,True,success,49.0,0.3668152689933777,1.4372674226760864,1085.3575439453125,1085.7242431640625,15234.6982421875,5,0.0,0.0,2.4547453527243768,7.852075234913339e-07,-10.225064277648926,-19.669689178466797,-41.65306091308594,29.9154118783772
173,42003_0173,True,True,success,66.0,0.44160735607147217,1.8498873710632324,1511.8382568359375,1512.279296875,21200.662109375,7,1.0,0.0,5903.039198504648,8.795552971743305e-07,-12.093287467956543,-20.83605194091797,-41.93939208984375,35.08334067091346
174,42003_0174,True,True,success,69.0,0.574928343296051,2.384185791015625e-07,1573.6905517578125,1573.115478515625,22110.748046875,4,1.0,0.0,4177.534710020462,6.235302261503434e-07,-9.375347137451172,-19.93194580078125,-41.07246398925781,36.89775054901838
175,42003_0175,True,True,success,71.0,0.7104273438453674,6.743495646333031e-07,1621.75634765625,1621.0452880859375,22790.875,8,0.0,0.0,2.0401771291041038,5.178676306187158e-07,-7.528396129608154,-17.91168785095215,-40.802818298339844,37.48106660693884
176,42003_0176,True,True,success,50.0,0.061166513711214066,0.6539434194564819,1105.6622314453125,1105.600830078125,15533.615234375,7,0.0,0.0,6.266378600858152,1.0988114252086234e-06,-11.262088775634766,-20.827362060546875,-40.939998626708984,29.538322512060404
177,42003_0177,True,True,success,46.0,0.44099611043930054,1.5815943479537964,1011.1013793945312,1011.542236328125,14193.0087890625,3,0.0,0.0,0.23485703749136758,4.191715898054613e-07,-5.658196449279785,-13.255279541015625,-40.15217208862305,29.910656355321407
178,42003_0178,True,True,success,65.0,0.7513099312782288,4.915124804938387e-07,1470.9132080078125,1470.162353515625,20682.466796875,4,0.0,0.0,8.3493583041888,8.844956815105084e-07,-10.656952857971191,-21.85578727722168,-41.27692413330078,34.55196376889944
179,42003_0179,True,False,success,51.0,0.4419117867946625,1.8584328889846802,1136.86279296875,1137.3050537109375,15950.9248046875,6,0.0,780166.9619140625,17.723661174413326,1.0646789505966915e-06,-12.536181449890137,-21.438941955566406,-42.33333206176758,29.471827182918787
180,42003_0180,True,True,success,53.0,0.17645812034606934,1.1398957967758179,1183.552490234375,1183.7291259765625,16614.701171875,6,0.0,0.0,2.777090472292225,6.654408227130364e-07,-9.00186824798584,-21.00522232055664,-40.90565872192383,31.051122777163982
181,42003_0181,True,True,success,60.0,0.43865466117858887,1.7260726690292358,1361.487060546875,1361.92529296875,19096.98828125,6,0.0,0.0,0.8201567421356837,5.080002826692483e-07,-7.632904529571533,-16.8203182220459,-41.08333206176758,33.93475730717182
182,42003_0182,True,True,success,75.0,0.6257017254829407,2.4575624024691933e-07,1714.041748046875,1713.4156494140625,24112.521484375,4,3.0,0.0,16943.199614977737,8.182267909736159e-07,-13.459978103637695,-24.029651641845703,-42.2933349609375,38.42245427891612
183,42003_0183,True,True,success,74.0,0.15165123343467712,1.096916675567627,1708.29931640625,1708.4505615234375,23961.87109375,4,0.0,0.0,1.514739014132804,1.0074375801331051e-06,-8.733174324035645,-19.60373306274414,-38.878379821777344,38.710288535803556
184,42003_0184,True,False,success,54.0,0.44049787521362305,1.5983973741531372,1211.1461181640625,1211.5860595703125,16993.447265625,5,3.0,0.0,22236.316221690977,7.311592227139314e-07,-16.03085708618164,-72.49674987792969,-44.75925827026367,31.63994460552931
185,42003_0185,True,True,success,65.0,0.6912060379981995,4.777675712830387e-07,1464.8695068359375,1464.17822265625,20620.4609375,11,0.0,0.0,1.9328698807037794,9.014409066856807e-07,-9.488579750061035,-17.713008880615234,-40.07692337036133,34.422993294894695
186,42003_0186,True,False,success,62.0,0.040312230587005615,0.8848686814308167,1407.02587890625,1407.0670166015625,19748.13671875,7,2.0,103954.7421875,21463.607108507815,9.721961581296835e-07,-16.186330795288086,-26.4842472076416,-44.90322494506836,32.718844909220934
187,42003_0187,True,True,success,64.0,0.7779030203819275,4.76837158203125e-07,1445.174560546875,1444.3973388671875,20325.208984375,5,0.0,0.0,2.081815535435453,7.599104256961198e-07,-6.747084617614746,-17.390731811523438,-38.09375,35.12474220059812
188,42003_0188,True,True,success,71.0,0.09167913347482681,0.98676598072052,1632.6329345703125,1632.7247314453125,22904.69140625,9,0.0,0.0,1.286803715941037,3.829222175025433e-07,-6.703671455383301,-18.956661224365234,-41.239437103271484,37.48124660924077
189,42003_0189,True,True,success,72.0,0.15396352112293243,0.38322657346725464,1654.0849609375,1653.930908203125,23217.17578125,5,0.0,0.0,4.119422341231257,9.717539571043844e-07,-10.23073959350586,-18.632654190063477,-40.45833206176758,37.04417699947953
190,42003_0190,True,True,success,71.0,0.04383412003517151,0.8921348452568054,1632.0689697265625,1632.112548828125,22898.603515625,6,0.0,0.0,0.3017827615823964,4.3183780182427116e-07,-6.194704532623291,-14.503719329833984,-40.61971664428711,38.05760072544217
191,42003_0191,True,False,success,66.0,0.4120263457298279,0.0,1500.398681640625,1499.98583984375,21078.8046875,7,4.0,287425.40625,64251.13138293904,6.437462271798833e-07,-18.26588249206543,-118.3119125366211,-47.09090805053711,34.21650519967079
192,42003_0192,True,True,success,65.0,0.6680582761764526,2.384185791015625e-07,1472.4468994140625,1471.779052734375,20697.939453125,8,0.0,0.0,1.0920759740930337,4.4647676877327913e-07,-7.7823567390441895,-18.456823348999023,-41.46154022216797,35.41623226180673
193,42003_0193,True,True,success,76.0,0.6280301213264465,5.960464477539063e-08,1739.06689453125,1738.438720703125,24462.765625,8,0.0,0.0,1.5687179165083522,7.73374738565436e-07,-9.208361625671387,-17.18075942993164,-40.47368240356445,38.250702768564224
194,42003_0194,True,True,success,65.0,0.2643361985683441,4.805480102731963e-07,1476.6759033203125,1476.4117431640625,20742.671875,7,3.0,0.0,18464.088955899835,4.2305621723069357e-07,-15.337427139282227,-27.188106536865234,-46.984615325927734,34.8382804421708
195,42003_0195,True,True,success,65.0,0.32615187764167786,0.0,1476.165283203125,1475.8388671875,20737.083984375,10,1.0,0.0,3082.7369823377867,5.354034059861917e-07,-10.122709274291992,-25.070697784423828,-42.24615478515625,34.90891166776419
196,42003_0196,True,True,success,66.0,0.7832008600234985,0.0,1495.0052490234375,1494.221923828125,21023.4609375,4,0.0,0.0,0.2611069532718058,4.234963829047143e-07,-4.942360877990723,-11.58411979675293,-39.5,36.40276436880231
197,42003_0197,False,False,connectivity,25.0,660.5843505859375,25.0,562.5005493164062,1223.0848388671875,8050.0,2,5.0,0.0,120000.43627780258,6.903636904098676e-07,-35.05585479736328,-150.0,-56.36000061035156,-7.263665813952684
198,42003_0198,True,True,success,70.0,0.6716312766075134,1.1920928955078125e-07,1589.59716796875,1588.9256591796875,22367.830078125,5,2.0,0.0,13884.816455173066,1.0754555384145144e-06,-13.218338012695312,-22.698657989501953,-41.67142868041992,36.07127298787236
199,42003_0199,True,False,success,76.0,0.054385989904403687,0.9133360385894775,1757.1962890625,1757.2506103515625,24649.9609375,8,0.0,198002.71875,8.058065794873983,9.946049706406102e-07,-10.763908386230469,-20.379783630371094,-40.97368240356445,37.58954395353794
